{
  "project_info": {
    "project_number": "627878779997",
    "firebase_url": "https://otptest-8e739.firebaseio.com",
    "project_id": "otptest-8e739",
    "storage_bucket": "otptest-8e739.appspot.com"
  },
  "client": [
    {
      "client_info": {
        "mobilesdk_app_id": "1:627878779997:android:5026597388ebacfe1641b4",
        "android_client_info": {
          "package_name": "com.alkhalildevelopers.otptest"
        }
      },
      "oauth_client": [
        {
          "client_id": "627878779997-rhf7ph5nuhnd04j04pip3iorq0pqvn49.apps.googleusercontent.com",
          "client_type": 1,
          "android_info": {
            "package_name": "com.alkhalildevelopers.otptest",
            "certificate_hash": "f8fa5e62e765e498300e75a32b316e4ec317915d"
          }
        },
        {
          "client_id": "627878779997-sessicdn3kktm678q2brhe0j0frfk7m2.apps.googleusercontent.com",
          "client_type": 3
        }
      ],
      "api_key": [
        {
          "current_key": "AIzaSyA1kLx2Jl-5_hQkEnKpxzw8CcZ6UZpspOI"
        }
      ],
      "services": {
        "appinvite_service": {
          "other_platform_oauth_client": [
            {
              "client_id": "627878779997-sessicdn3kktm678q2brhe0j0frfk7m2.apps.googleusercontent.com",
              "client_type": 3
            }
          ]
        }
      }
    }
  ],
  "configuration_version": "1"
}